Workbook

Sheet RawData
A1: 年份 \ SDG 标签 | B1: 0 | C1: 1 | D1: 2 | E1: 3 | F1: 4 | G1: 5 | H1: 6 | I1: 7 | J1: 8 | K1: 9 | L1: 10 | M1: 11 | N1: 12 | O1: 13 | P1: 14 | Q1: 15 | R1: 16
A2: 2015 (0) | B2: 0.125 | C2: 0.077 | D2: 0.0437 | E2: 0.532 | F2: 0.319 | G2: 0.677 | H2: 0.156 | I2: 0.142 | J2: 0.0172 | K2: 6480 | L2: 0.25 | M2: 100 | N2: 503.3 | O2: 0.667 | P2: 0.313 | Q2: 5.92 | R2: 61.4
A3: 2016 (1) | B3: 0.117 | C3: 0.076 | D3: 0.0424 | E3: 0.542 | F3: 0.323 | G3: 0.683 | H3: 0.158 | I3: 0.143 | J3: 0.0173 | K3: 8020 | L3: 0.246 | M3: 99.1 | N3: 460.5 | O3: 0.663 | P3: 0.313 | Q3: 5.97 | R3: 69.5
A4: 2017 (2) | B4: 0.111 | C4: 0.071 | D4: 0.0413 | E4: 0.55 | F4: 0.327 | G4: 0.689 | H4: 0.16 | I4: 0.144 | J4: 0.0175 | K4: 6900 | L4: 0.245 | M4: 98.7 | N4: 545.2 | O4: 0.659 | P4: 0.313 | Q4: 5.9 | R4: 77.6
A5: 2018 (3) | B5: 0.112 | C5: 0.073 | D5: 0.0402 | E5: 0.558 | F5: 0.331 | G5: 0.694 | H5: 0.163 | I5: 0.141 | J5: 0.0178 | K5: 4800 | L5: 0.244 | M5: 104 | N5: 630.5 | O5: 0.652 | P5: 0.312 | Q5: 5.65 | R5: 85.7
A6: 2019 (4) | B6: 0.112 | C6: 0.075 | D6: 0.0395 | E6: 0.565 | F6: 0.335 | G6: 0.7 | H6: 0.166 | I6: 0.137 | J6: 0.0183 | K6: 5290 | L6: 0.242 | M6: 102 | N6: 501.7 | O6: 0.646 | P6: 0.312 | Q6: 5.4 | R6: 93.8
A7: 2020 (5) | B7: 0.11 | C7: 0.085 | D7: 0.0387 | E7: 0.572 | F7: 0.339 | G7: 0.705 | H7: 0.179 | I7: 0.155 | J7: 0.0194 | K7: 4410 | L7: 0.242 | M7: 110 | N7: 372.9 | O7: 0.635 | P7: 0.312 | Q7: 5.29 | R7: 105
A8: 2021 (6) | B8: 0.105 | C8: 0.088 | D8: 0.0382 | E8: 0.579 | F8: 0.339 | G8: 0.711 | H8: 0.176 | I8: 0.142 | J8: 0.0192 | K8: 5780 | L8: 0.247 | M8: 102 | N8: 755.4 | O8: 0.645 | P8: 0.312 | Q8: 5.51 | R8: 116
A9: 2022 (7) | B9: 0.102 | C9: 0.087 | D9: 0.0382 | E9: 0.582 | F9: 0.343 | G9: 0.716 | H9: 0.179 | I9: 0.13 | J9: 0.0195 | K9: 7140 | L9: 0.248 | M9: 101 | N9: 1529.2 | O9: 0.641 | P9: 0.311 | Q9: 5.29 | R9: 121
A10: 2023 (8) | B10: 0.099 | C10: 0.085 | D10: 0.0367 | E10: 0.59 | F10: 0.355 | G10: 0.721 | H10: 0.177 | I10: 0.125 | J10: 0.0198 | K10: 7920 | L10: 0.251 | M10: 110 | N10: 1146.9 | O10: 0.637 | P10: 0.311 | Q10: 5.3 | R10: 127
A11: 2024 (9) | B11: 0.096 | C11: 0.082 | D11: 0.0365 | E11: 0.596 | F11: 0.355 | G11: 0.737 | H11: 0.183 | I11: 0.126 | J11: 0.0202 | K11: 9100 | L11: 0.255 | M11: 114.3 | N11: 860.2 | O11: 0.633 | P11: 0.311 | Q11: 5.31 | R11: 134.4
A12: MAX | B12: =MAXA(B2:B11) -> 0.125 | C12: =MAXA(C2:C11) -> 0.088 | D12: =MAXA(D2:D11) -> 0.0437 | E12: 1 | F12: 0.5 | G12: 1 | H12: 0.2 | I12: =MAXA(I2:I11) -> 0.155 | J12: 0.03 | K12: =MAXA(K2:K11) -> 9100 | L12: =MAXA(L2:L11) -> 0.255 | M12: =MAXA(M2:M11) -> 114.3 | N12: =MAXA(N2:N11) -> 1529.2 | O12: 1 | P12: 0.32 | Q12: =MAXA(Q2:Q11) -> 5.97 | R12: 200
A13: MIN | B13: 0 | C13: 0 | D13: 0.025 | E13: =MIN(E2:E12) -> 0.532 | F13: =MIN(F2:F12) -> 0.319 | G13: =MIN(G2:G12) -> 0.677 | H13: =MIN(H2:H12) -> 0.156 | I13: 0.05 | J13: =MIN(J2:J12) -> 0.0172 | K13: 0 | L13: 0 | M13: 90 | N13: 0 | O13: =MIN(O2:O12) -> 0.633 | P13: =MIN(P2:P12) -> 0.311 | Q13: 0.5 | R13: =MIN(R2:R12) -> 61.4

Sheet Score
A1: 年份 \ SDG 标签 | B1: 0 | C1: 1 | D1: 2 | E1: 3 | F1: 4 | G1: 5 | H1: 6 | I1: 7 | J1: 8 | K1: 9 | L1: 10 | M1: 11 | N1: 12 | O1: 13 | P1: 14 | Q1: 15 | R1: 16
A2: 2015 (0) | B2: =(RawData!B$12 - RawData!B2) / (RawData!B$12 - RawData!B$13) * 100 -> 0 | C2: =(RawData!C$12 - RawData!C2) / (RawData!C$12 - RawData!C$13) * 100 -> 12.5 | D2: =(RawData!B$12 - RawData!B2) / (RawData!B$12 - RawData!B$13) * 100 -> 0 | E2: 0 | F2: =G2 -> 0 | G2: =(RawData!G2 - RawData!G$13) / (RawData!G$12 - RawData!G$13) * 100 -> 0 | H2: =(RawData!H2 - RawData!H$13) / (RawData!H$12 - RawData!H$13) * 100 -> 0 | I2: =(RawData!I$12 - RawData!I2) / (RawData!I$12 - RawData!I$13) * 100 -> 12.380952 | J2: =(RawData!J2 - RawData!J$13) / (RawData!J$12 - RawData!J$13) * 100 -> 0 | K2: =(RawData!K$12 - RawData!K2) / (RawData!K$12 - RawData!K$13) * 100 -> 28.791209 | L2: =(RawData!L$12 - RawData!L2) / (RawData!L$12 - RawData!L$13) * 100 -> 1.9607843 | M2: =(RawData!M$12 - RawData!M2) / (RawData!M$12 - RawData!M$13) * 100 -> 58.847737 | N2: =(RawData!N$12 - RawData!N2) / (RawData!N$12 - RawData!N$13) * 100 -> 67.087366 | O2: =(RawData!O2 - RawData!O$13) / (RawData!O$12 - RawData!O$13) * 100 -> 9.2643052 | P2: =(RawData!P2 - RawData!P$13) / (RawData!P$12 - RawData!P$13) * 100 -> 22.222222 | Q2: =(RawData!Q$12 - RawData!Q2) / (RawData!Q$12 - RawData!Q$13) * 100 -> 0.91407678 | R2: =(RawData!R2 - RawData!R$13) / (RawData!R$12 - RawData!R$13) * 100 -> 0
A3: 2016 (1) | B3: =(RawData!B$12 - RawData!B3) / (RawData!B$12 - RawData!B$13) * 100 -> 6.4 | C3: =(RawData!C$12 - RawData!C3) / (RawData!C$12 - RawData!C$13) * 100 -> 13.636364 | D3: =(RawData!B$12 - RawData!B3) / (RawData!B$12 - RawData!B$13) * 100 -> 6.4 | E3: =(RawData!E3 - RawData!E$13) / (RawData!E$12 - RawData!E$13) * 100 -> 2.1367521 | F3: =(RawData!F3 - RawData!F$13) / (RawData!F$12 - RawData!F$13) * 100 -> 2.2099448 | G3: =(RawData!G3 - RawData!G$13) / (RawData!G$12 - RawData!G$13) * 100 -> 1.8575851 | H3: =(RawData!H3 - RawData!H$13) / (RawData!H$12 - RawData!H$13) * 100 -> 4.5454545 | I3: =(RawData!I$12 - RawData!I3) / (RawData!I$12 - RawData!I$13) * 100 -> 11.428571 | J3: =(RawData!J3 - RawData!J$13) / (RawData!J$12 - RawData!J$13) * 100 -> 0.78125 | K3: =(RawData!K$12 - RawData!K3) / (RawData!K$12 - RawData!K$13) * 100 -> 11.868132 | L3: =(RawData!L$12 - RawData!L3) / (RawData!L$12 - RawData!L$13) * 100 -> 3.5294118 | M3: =(RawData!M$12 - RawData!M3) / (RawData!M$12 - RawData!M$13) * 100 -> 62.55144 | N3: =(RawData!N$12 - RawData!N3) / (RawData!N$12 - RawData!N$13) * 100 -> 69.886215 | O3: =(RawData!O3 - RawData!O$13) / (RawData!O$12 - RawData!O$13) * 100 -> 8.1743869 | P3: =(RawData!P3 - RawData!P$13) / (RawData!P$12 - RawData!P$13) * 100 -> 22.222222 | Q3: =(RawData!Q$12 - RawData!Q3) / (RawData!Q$12 - RawData!Q$13) * 100 -> 0 | R3: =(RawData!R3 - RawData!R$13) / (RawData!R$12 - RawData!R$13) * 100 -> 5.8441558
A4: 2017 (2) | B4: =(RawData!B$12 - RawData!B4) / (RawData!B$12 - RawData!B$13) * 100 -> 11.2 | C4: =(RawData!C$12 - RawData!C4) / (RawData!C$12 - RawData!C$13) * 100 -> 19.318182 | D4: =(RawData!B$12 - RawData!B4) / (RawData!B$12 - RawData!B$13) * 100 -> 11.2 | E4: =(RawData!E4 - RawData!E$13) / (RawData!E$12 - RawData!E$13) * 100 -> 3.8461538 | F4: =(RawData!F4 - RawData!F$13) / (RawData!F$12 - RawData!F$13) * 100 -> 4.4198895 | G4: =(RawData!G4 - RawData!G$13) / (RawData!G$12 - RawData!G$13) * 100 -> 3.7151703 | H4: =(RawData!H4 - RawData!H$13) / (RawData!H$12 - RawData!H$13) * 100 -> 9.0909091 | I4: =(RawData!I$12 - RawData!I4) / (RawData!I$12 - RawData!I$13) * 100 -> 10.47619 | J4: =(RawData!J4 - RawData!J$13) / (RawData!J$12 - RawData!J$13) * 100 -> 2.34375 | K4: =(RawData!K$12 - RawData!K4) / (RawData!K$12 - RawData!K$13) * 100 -> 24.175824 | L4: =(RawData!L$12 - RawData!L4) / (RawData!L$12 - RawData!L$13) * 100 -> 3.9215686 | M4: =(RawData!M$12 - RawData!M4) / (RawData!M$12 - RawData!M$13) * 100 -> 64.197531 | N4: =(RawData!N$12 - RawData!N4) / (RawData!N$12 - RawData!N$13) * 100 -> 64.347371 | O4: =(RawData!O4 - RawData!O$13) / (RawData!O$12 - RawData!O$13) * 100 -> 7.0844687 | P4: =(RawData!P4 - RawData!P$13) / (RawData!P$12 - RawData!P$13) * 100 -> 22.222222 | Q4: =(RawData!Q$12 - RawData!Q4) / (RawData!Q$12 - RawData!Q$13) * 100 -> 1.2797075 | R4: =(RawData!R4 - RawData!R$13) / (RawData!R$12 - RawData!R$13) * 100 -> 11.688312
A5: 2018 (3) | B5: =(RawData!B$12 - RawData!B5) / (RawData!B$12 - RawData!B$13) * 100 -> 10.4 | C5: =(RawData!C$12 - RawData!C5) / (RawData!C$12 - RawData!C$13) * 100 -> 17.045455 | D5: =(RawData!B$12 - RawData!B5) / (RawData!B$12 - RawData!B$13) * 100 -> 10.4 | E5: =(RawData!E5 - RawData!E$13) / (RawData!E$12 - RawData!E$13) * 100 -> 5.5555556 | F5: =(RawData!F5 - RawData!F$13) / (RawData!F$12 - RawData!F$13) * 100 -> 6.6298343 | G5: =(RawData!G5 - RawData!G$13) / (RawData!G$12 - RawData!G$13) * 100 -> 5.2631579 | H5: =(RawData!H5 - RawData!H$13) / (RawData!H$12 - RawData!H$13) * 100 -> 15.909091 | I5: =(RawData!I$12 - RawData!I5) / (RawData!I$12 - RawData!I$13) * 100 -> 13.333333 | J5: =(RawData!J5 - RawData!J$13) / (RawData!J$12 - RawData!J$13) * 100 -> 4.6875 | K5: =(RawData!K$12 - RawData!K5) / (RawData!K$12 - RawData!K$13) * 100 -> 47.252747 | L5: =(RawData!L$12 - RawData!L5) / (RawData!L$12 - RawData!L$13) * 100 -> 4.3137255 | M5: =(RawData!M$12 - RawData!M5) / (RawData!M$12 - RawData!M$13) * 100 -> 42.386831 | N5: =(RawData!N$12 - RawData!N5) / (RawData!N$12 - RawData!N$13) * 100 -> 58.769291 | O5: =(RawData!O5 - RawData!O$13) / (RawData!O$12 - RawData!O$13) * 100 -> 5.1771117 | P5: =(RawData!P5 - RawData!P$13) / (RawData!P$12 - RawData!P$13) * 100 -> 11.111111 | Q5: =(RawData!Q$12 - RawData!Q5) / (RawData!Q$12 - RawData!Q$13) * 100 -> 5.8500914 | R5: =(RawData!R5 - RawData!R$13) / (RawData!R$12 - RawData!R$13) * 100 -> 17.532468
A6: 2019 (4) | B6: =(RawData!B$12 - RawData!B6) / (RawData!B$12 - RawData!B$13) * 100 -> 10.4 | C6: =(RawData!C$12 - RawData!C6) / (RawData!C$12 - RawData!C$13) * 100 -> 14.772727 | D6: =(RawData!B$12 - RawData!B6) / (RawData!B$12 - RawData!B$13) * 100 -> 10.4 | E6: =(RawData!E6 - RawData!E$13) / (RawData!E$12 - RawData!E$13) * 100 -> 7.0512821 | F6: =(RawData!F6 - RawData!F$13) / (RawData!F$12 - RawData!F$13) * 100 -> 8.839779 | G6: =(RawData!G6 - RawData!G$13) / (RawData!G$12 - RawData!G$13) * 100 -> 7.120743 | H6: =(RawData!H6 - RawData!H$13) / (RawData!H$12 - RawData!H$13) * 100 -> 22.727273 | I6: =(RawData!I$12 - RawData!I6) / (RawData!I$12 - RawData!I$13) * 100 -> 17.142857 | J6: =(RawData!J6 - RawData!J$13) / (RawData!J$12 - RawData!J$13) * 100 -> 8.59375 | K6: =(RawData!K$12 - RawData!K6) / (RawData!K$12 - RawData!K$13) * 100 -> 41.868132 | L6: =(RawData!L$12 - RawData!L6) / (RawData!L$12 - RawData!L$13) * 100 -> 5.0980392 | M6: =(RawData!M$12 - RawData!M6) / (RawData!M$12 - RawData!M$13) * 100 -> 50.617284 | N6: =(RawData!N$12 - RawData!N6) / (RawData!N$12 - RawData!N$13) * 100 -> 67.191996 | O6: =(RawData!O6 - RawData!O$13) / (RawData!O$12 - RawData!O$13) * 100 -> 3.5422343 | P6: =(RawData!P6 - RawData!P$13) / (RawData!P$12 - RawData!P$13) * 100 -> 11.111111 | Q6: =(RawData!Q$12 - RawData!Q6) / (RawData!Q$12 - RawData!Q$13) * 100 -> 10.420475 | R6: =(RawData!R6 - RawData!R$13) / (RawData!R$12 - RawData!R$13) * 100 -> 23.376623
A7: 2020 (5) | B7: =(RawData!B$12 - RawData!B7) / (RawData!B$12 - RawData!B$13) * 100 -> 12 | C7: =(RawData!C$12 - RawData!C7) / (RawData!C$12 - RawData!C$13) * 100 -> 3.4090909 | D7: =(RawData!B$12 - RawData!B7) / (RawData!B$12 - RawData!B$13) * 100 -> 12 | E7: =(RawData!E7 - RawData!E$13) / (RawData!E$12 - RawData!E$13) * 100 -> 8.5470085 | F7: =(RawData!F7 - RawData!F$13) / (RawData!F$12 - RawData!F$13) * 100 -> 11.049724 | G7: =(RawData!G7 - RawData!G$13) / (RawData!G$12 - RawData!G$13) * 100 -> 8.6687307 | H7: =(RawData!H7 - RawData!H$13) / (RawData!H$12 - RawData!H$13) * 100 -> 52.272727 | I7: =(RawData!I$12 - RawData!I7) / (RawData!I$12 - RawData!I$13) * 100 -> 0 | J7: =(RawData!J7 - RawData!J$13) / (RawData!J$12 - RawData!J$13) * 100 -> 17.1875 | K7: =(RawData!K$12 - RawData!K7) / (RawData!K$12 - RawData!K$13) * 100 -> 51.538462 | L7: =(RawData!L$12 - RawData!L7) / (RawData!L$12 - RawData!L$13) * 100 -> 5.0980392 | M7: =(RawData!M$12 - RawData!M7) / (RawData!M$12 - RawData!M$13) * 100 -> 17.695473 | N7: =(RawData!N$12 - RawData!N7) / (RawData!N$12 - RawData!N$13) * 100 -> 75.6147 | O7: =(RawData!O7 - RawData!O$13) / (RawData!O$12 - RawData!O$13) * 100 -> 0.54495913 | P7: =(RawData!P7 - RawData!P$13) / (RawData!P$12 - RawData!P$13) * 100 -> 11.111111 | Q7: =(RawData!Q$12 - RawData!Q7) / (RawData!Q$12 - RawData!Q$13) * 100 -> 12.431444 | R7: =(RawData!R7 - RawData!R$13) / (RawData!R$12 - RawData!R$13) * 100 -> 31.457431
A8: 2021 (6) | B8: =(RawData!B$12 - RawData!B8) / (RawData!B$12 - RawData!B$13) * 100 -> 16 | C8: =(RawData!C$12 - RawData!C8) / (RawData!C$12 - RawData!C$13) * 100 -> 0 | D8: =(RawData!B$12 - RawData!B8) / (RawData!B$12 - RawData!B$13) * 100 -> 16 | E8: =(RawData!E8 - RawData!E$13) / (RawData!E$12 - RawData!E$13) * 100 -> 10.042735 | F8: =(RawData!F8 - RawData!F$13) / (RawData!F$12 - RawData!F$13) * 100 -> 11.049724 | G8: =(RawData!G8 - RawData!G$13) / (RawData!G$12 - RawData!G$13) * 100 -> 10.526316 | H8: =(RawData!H8 - RawData!H$13) / (RawData!H$12 - RawData!H$13) * 100 -> 45.454545 | I8: =(RawData!I$12 - RawData!I8) / (RawData!I$12 - RawData!I$13) * 100 -> 12.380952 | J8: =(RawData!J8 - RawData!J$13) / (RawData!J$12 - RawData!J$13) * 100 -> 15.625 | K8: =(RawData!K$12 - RawData!K8) / (RawData!K$12 - RawData!K$13) * 100 -> 36.483516 | L8: =(RawData!L$12 - RawData!L8) / (RawData!L$12 - RawData!L$13) * 100 -> 3.1372549 | M8: =(RawData!M$12 - RawData!M8) / (RawData!M$12 - RawData!M$13) * 100 -> 50.617284 | N8: =(RawData!N$12 - RawData!N8) / (RawData!N$12 - RawData!N$13) * 100 -> 50.601622 | O8: =(RawData!O8 - RawData!O$13) / (RawData!O$12 - RawData!O$13) * 100 -> 3.2697548 | P8: =(RawData!P8 - RawData!P$13) / (RawData!P$12 - RawData!P$13) * 100 -> 11.111111 | Q8: =(RawData!Q$12 - RawData!Q8) / (RawData!Q$12 - RawData!Q$13) * 100 -> 8.4095064 | R8: =(RawData!R8 - RawData!R$13) / (RawData!R$12 - RawData!R$13) * 100 -> 39.393939
A9: 2022 (7) | B9: =(RawData!B$12 - RawData!B9) / (RawData!B$12 - RawData!B$13) * 100 -> 18.4 | C9: =(RawData!C$12 - RawData!C9) / (RawData!C$12 - RawData!C$13) * 100 -> 1.1363636 | D9: =(RawData!B$12 - RawData!B9) / (RawData!B$12 - RawData!B$13) * 100 -> 18.4 | E9: =(RawData!E9 - RawData!E$13) / (RawData!E$12 - RawData!E$13) * 100 -> 10.683761 | F9: =(RawData!F9 - RawData!F$13) / (RawData!F$12 - RawData!F$13) * 100 -> 13.259669 | G9: =(RawData!G9 - RawData!G$13) / (RawData!G$12 - RawData!G$13) * 100 -> 12.074303 | H9: =(RawData!H9 - RawData!H$13) / (RawData!H$12 - RawData!H$13) * 100 -> 52.272727 | I9: =(RawData!I$12 - RawData!I9) / (RawData!I$12 - RawData!I$13) * 100 -> 23.809524 | J9: =(RawData!J9 - RawData!J$13) / (RawData!J$12 - RawData!J$13) * 100 -> 17.96875 | K9: =(RawData!K$12 - RawData!K9) / (RawData!K$12 - RawData!K$13) * 100 -> 21.538462 | L9: =(RawData!L$12 - RawData!L9) / (RawData!L$12 - RawData!L$13) * 100 -> 2.745098 | M9: =(RawData!M$12 - RawData!M9) / (RawData!M$12 - RawData!M$13) * 100 -> 54.73251 | N9: =(RawData!N$12 - RawData!N9) / (RawData!N$12 - RawData!N$13) * 100 -> 0 | O9: =(RawData!O9 - RawData!O$13) / (RawData!O$12 - RawData!O$13) * 100 -> 2.1798365 | P9: =(RawData!P9 - RawData!P$13) / (RawData!P$12 - RawData!P$13) * 100 -> 0 | Q9: =(RawData!Q$12 - RawData!Q9) / (RawData!Q$12 - RawData!Q$13) * 100 -> 12.431444 | R9: =(RawData!R9 - RawData!R$13) / (RawData!R$12 - RawData!R$13) * 100 -> 43.001443
A10: 2023 (8) | B10: =(RawData!B$12 - RawData!B10) / (RawData!B$12 - RawData!B$13) * 100 -> 20.8 | C10: =(RawData!C$12 - RawData!C10) / (RawData!C$12 - RawData!C$13) * 100 -> 3.4090909 | D10: =(RawData!B$12 - RawData!B10) / (RawData!B$12 - RawData!B$13) * 100 -> 20.8 | E10: =(RawData!E10 - RawData!E$13) / (RawData!E$12 - RawData!E$13) * 100 -> 12.393162 | F10: =(RawData!F10 - RawData!F$13) / (RawData!F$12 - RawData!F$13) * 100 -> 19.889503 | G10: =(RawData!G10 - RawData!G$13) / (RawData!G$12 - RawData!G$13) * 100 -> 13.622291 | H10: =(RawData!H10 - RawData!H$13) / (RawData!H$12 - RawData!H$13) * 100 -> 47.727273 | I10: =(RawData!I$12 - RawData!I10) / (RawData!I$12 - RawData!I$13) * 100 -> 28.571429 | J10: =(RawData!J10 - RawData!J$13) / (RawData!J$12 - RawData!J$13) * 100 -> 20.3125 | K10: =(RawData!K$12 - RawData!K10) / (RawData!K$12 - RawData!K$13) * 100 -> 12.967033 | L10: =(RawData!L$12 - RawData!L10) / (RawData!L$12 - RawData!L$13) * 100 -> 1.5686275 | M10: =(RawData!M$12 - RawData!M10) / (RawData!M$12 - RawData!M$13) * 100 -> 17.695473 | N10: =(RawData!N$12 - RawData!N10) / (RawData!N$12 - RawData!N$13) * 100 -> 25 | O10: =(RawData!O10 - RawData!O$13) / (RawData!O$12 - RawData!O$13) * 100 -> 1.0899183 | P10: =(RawData!P10 - RawData!P$13) / (RawData!P$12 - RawData!P$13) * 100 -> 0 | Q10: =(RawData!Q$12 - RawData!Q10) / (RawData!Q$12 - RawData!Q$13) * 100 -> 12.248629 | R10: =(RawData!R10 - RawData!R$13) / (RawData!R$12 - RawData!R$13) * 100 -> 47.330447
A11: 2024 (9) | B11: =(RawData!B$12 - RawData!B11) / (RawData!B$12 - RawData!B$13) * 100 -> 23.2 | C11: =(RawData!C$12 - RawData!C11) / (RawData!C$12 - RawData!C$13) * 100 -> 6.8181818 | D11: =(RawData!B$12 - RawData!B11) / (RawData!B$12 - RawData!B$13) * 100 -> 23.2 | E11: =(RawData!E11 - RawData!E$13) / (RawData!E$12 - RawData!E$13) * 100 -> 13.675214 | F11: =(RawData!F11 - RawData!F$13) / (RawData!F$12 - RawData!F$13) * 100 -> 19.889503 | G11: =(RawData!G11 - RawData!G$13) / (RawData!G$12 - RawData!G$13) * 100 -> 18.575851 | H11: =(RawData!H11 - RawData!H$13) / (RawData!H$12 - RawData!H$13) * 100 -> 61.363636 | I11: =(RawData!I$12 - RawData!I11) / (RawData!I$12 - RawData!I$13) * 100 -> 27.619048 | J11: =(RawData!J11 - RawData!J$13) / (RawData!J$12 - RawData!J$13) * 100 -> 23.4375 | K11: =(RawData!K$12 - RawData!K11) / (RawData!K$12 - RawData!K$13) * 100 -> 0 | L11: =(RawData!L$12 - RawData!L11) / (RawData!L$12 - RawData!L$13) * 100 -> 0 | M11: =(RawData!M$12 - RawData!M11) / (RawData!M$12 - RawData!M$13) * 100 -> 0 | N11: =(RawData!N$12 - RawData!N11) / (RawData!N$12 - RawData!N$13) * 100 -> 43.748365 | O11: =(RawData!O11 - RawData!O$13) / (RawData!O$12 - RawData!O$13) * 100 -> 0 | P11: =(RawData!P11 - RawData!P$13) / (RawData!P$12 - RawData!P$13) * 100 -> 0 | Q11: =(RawData!Q$12 - RawData!Q11) / (RawData!Q$12 - RawData!Q$13) * 100 -> 12.065814 | R11: =(RawData!R11 - RawData!R$13) / (RawData!R$12 - RawData!R$13) * 100 -> 52.669553

Sheet Rank
A1: 年份 \ SDG 标签 | B1: R0 | C1: R1 | D1: R2 | E1: R3 | F1: R4 | G1: R5 | H1: R6 | I1: R7 | J1: R8 | K1: R9 | L1: R10 | M1: R11 | N1: R12 | O1: R13 | P1: R14 | Q1: R15 | R1: R16
A2: 2015 (0) | B2: =_xlfn.RANK.AVG(Score!B2, Score!B$2:B$11, 1) -> 1 | C2: =_xlfn.RANK.AVG(Score!C2, Score!C$2:C$11, 1) -> 6 | D2: =_xlfn.RANK.AVG(Score!D2, Score!D$2:D$11, 1) -> 1 | E2: =_xlfn.RANK.AVG(Score!E2, Score!E$2:E$11, 1) -> 1 | F2: =_xlfn.RANK.AVG(Score!F2, Score!F$2:F$11, 1) -> 1 | G2: =_xlfn.RANK.AVG(Score!G2, Score!G$2:G$11, 1) -> 1 | H2: =_xlfn.RANK.AVG(Score!H2, Score!H$2:H$11, 1) -> 1 | I2: =_xlfn.RANK.AVG(Score!I2, Score!I$2:I$11, 1) -> 4.5 | ... P2: =_xlfn.RANK.AVG(Score!P2, Score!P$2:P$11, 1) -> 9 | Q2: =_xlfn.RANK.AVG(Score!P2, Score!P$2:P$11, 1) -> 9 | R2: =_xlfn.RANK.AVG(Score!R2, Score!R$2:R$11, 1) -> 1
A3: 2016 (1) | B3: =_xlfn.RANK.AVG(Score!B3, Score!B$2:B$11, 1) -> 2 | C3: =_xlfn.RANK.AVG(Score!C3, Score!C$2:C$11, 1) -> 7 | D3: =_xlfn.RANK.AVG(Score!D3, Score!D$2:D$11, 1) -> 2 | E3: =_xlfn.RANK.AVG(Score!E3, Score!E$2:E$11, 1) -> 2 | F3: =_xlfn.RANK.AVG(Score!F3, Score!F$2:F$11, 1) -> 2 | G3: =_xlfn.RANK.AVG(Score!G3, Score!G$2:G$11, 1) -> 2 | H3: =_xlfn.RANK.AVG(Score!H3, Score!H$2:H$11, 1) -> 2 | I3: =_xlfn.RANK.AVG(Score!I3, Score!I$2:I$11, 1) -> 3 | ... P3: =_xlfn.RANK.AVG(Score!P3, Score!P$2:P$11, 1) -> 9 | Q3: =_xlfn.RANK.AVG(Score!P3, Score!P$2:P$11, 1) -> 9 | R3: =_xlfn.RANK.AVG(Score!R3, Score!R$2:R$11, 1) -> 2
A4: 2017 (2) | B4: =_xlfn.RANK.AVG(Score!B4, Score!B$2:B$11, 1) -> 5 | C4: =_xlfn.RANK.AVG(Score!C4, Score!C$2:C$11, 1) -> 10 | D4: =_xlfn.RANK.AVG(Score!D4, Score!D$2:D$11, 1) -> 5 | E4: =_xlfn.RANK.AVG(Score!E4, Score!E$2:E$11, 1) -> 3 | F4: =_xlfn.RANK.AVG(Score!F4, Score!F$2:F$11, 1) -> 3 | G4: =_xlfn.RANK.AVG(Score!G4, Score!G$2:G$11, 1) -> 3 | H4: =_xlfn.RANK.AVG(Score!H4, Score!H$2:H$11, 1) -> 3 | I4: =_xlfn.RANK.AVG(Score!I4, Score!I$2:I$11, 1) -> 2 | ... P4: =_xlfn.RANK.AVG(Score!P4, Score!P$2:P$11, 1) -> 9 | Q4: =_xlfn.RANK.AVG(Score!P4, Score!P$2:P$11, 1) -> 9 | R4: =_xlfn.RANK.AVG(Score!R4, Score!R$2:R$11, 1) -> 3
A5: 2018 (3) | B5: =_xlfn.RANK.AVG(Score!B5, Score!B$2:B$11, 1) -> 3.5 | C5: =_xlfn.RANK.AVG(Score!C5, Score!C$2:C$11, 1) -> 9 | D5: =_xlfn.RANK.AVG(Score!D5, Score!D$2:D$11, 1) -> 3.5 | E5: =_xlfn.RANK.AVG(Score!E5, Score!E$2:E$11, 1) -> 4 | F5: =_xlfn.RANK.AVG(Score!F5, Score!F$2:F$11, 1) -> 4 | G5: =_xlfn.RANK.AVG(Score!G5, Score!G$2:G$11, 1) -> 4 | H5: =_xlfn.RANK.AVG(Score!H5, Score!H$2:H$11, 1) -> 4 | I5: =_xlfn.RANK.AVG(Score!I5, Score!I$2:I$11, 1) -> 6 | ... P5: =_xlfn.RANK.AVG(Score!P5, Score!P$2:P$11, 1) -> 5.5 | Q5: =_xlfn.RANK.AVG(Score!P5, Score!P$2:P$11, 1) -> 5.5 | R5: =_xlfn.RANK.AVG(Score!R5, Score!R$2:R$11, 1) -> 4
A6: 2019 (4) | B6: =_xlfn.RANK.AVG(Score!B6, Score!B$2:B$11, 1) -> 3.5 | C6: =_xlfn.RANK.AVG(Score!C6, Score!C$2:C$11, 1) -> 8 | D6: =_xlfn.RANK.AVG(Score!D6, Score!D$2:D$11, 1) -> 3.5 | E6: =_xlfn.RANK.AVG(Score!E6, Score!E$2:E$11, 1) -> 5 | F6: =_xlfn.RANK.AVG(Score!F6, Score!F$2:F$11, 1) -> 5 | G6: =_xlfn.RANK.AVG(Score!G6, Score!G$2:G$11, 1) -> 5 | H6: =_xlfn.RANK.AVG(Score!H6, Score!H$2:H$11, 1) -> 5 | I6: =_xlfn.RANK.AVG(Score!I6, Score!I$2:I$11, 1) -> 7 | ... P6: =_xlfn.RANK.AVG(Score!P6, Score!P$2:P$11, 1) -> 5.5 | Q6: =_xlfn.RANK.AVG(Score!P6, Score!P$2:P$11, 1) -> 5.5 | R6: =_xlfn.RANK.AVG(Score!R6, Score!R$2:R$11, 1) -> 5
A7: 2020 (5) | B7: =_xlfn.RANK.AVG(Score!B7, Score!B$2:B$11, 1) -> 6 | C7: =_xlfn.RANK.AVG(Score!C7, Score!C$2:C$11, 1) -> 3.5 | D7: =_xlfn.RANK.AVG(Score!D7, Score!D$2:D$11, 1) -> 6 | E7: =_xlfn.RANK.AVG(Score!E7, Score!E$2:E$11, 1) -> 6 | F7: =_xlfn.RANK.AVG(Score!F7, Score!F$2:F$11, 1) -> 6.5 | G7: =_xlfn.RANK.AVG(Score!G7, Score!G$2:G$11, 1) -> 6 | H7: =_xlfn.RANK.AVG(Score!H7, Score!H$2:H$11, 1) -> 8.5 | I7: =_xlfn.RANK.AVG(Score!I7, Score!I$2:I$11, 1) -> 1 | ... P7: =_xlfn.RANK.AVG(Score!P7, Score!P$2:P$11, 1) -> 5.5 | Q7: =_xlfn.RANK.AVG(Score!P7, Score!P$2:P$11, 1) -> 5.5 | R7: =_xlfn.RANK.AVG(Score!R7, Score!R$2:R$11, 1) -> 6
A8: 2021 (6) | B8: =_xlfn.RANK.AVG(Score!B8, Score!B$2:B$11, 1) -> 7 | C8: =_xlfn.RANK.AVG(Score!C8, Score!C$2:C$11, 1) -> 1 | D8: =_xlfn.RANK.AVG(Score!D8, Score!D$2:D$11, 1) -> 7 | E8: =_xlfn.RANK.AVG(Score!E8, Score!E$2:E$11, 1) -> 7 | F8: =_xlfn.RANK.AVG(Score!F8, Score!F$2:F$11, 1) -> 6.5 | G8: =_xlfn.RANK.AVG(Score!G8, Score!G$2:G$11, 1) -> 7 | H8: =_xlfn.RANK.AVG(Score!H8, Score!H$2:H$11, 1) -> 6 | I8: =_xlfn.RANK.AVG(Score!I8, Score!I$2:I$11, 1) -> 4.5 | ... P8: =_xlfn.RANK.AVG(Score!P8, Score!P$2:P$11, 1) -> 5.5 | Q8: =_xlfn.RANK.AVG(Score!P8, Score!P$2:P$11, 1) -> 5.5 | R8: =_xlfn.RANK.AVG(Score!R8, Score!R$2:R$11, 1) -> 7
A9: 2022 (7) | B9: =_xlfn.RANK.AVG(Score!B9, Score!B$2:B$11, 1) -> 8 | C9: =_xlfn.RANK.AVG(Score!C9, Score!C$2:C$11, 1) -> 2 | D9: =_xlfn.RANK.AVG(Score!D9, Score!D$2:D$11, 1) -> 8 | E9: =_xlfn.RANK.AVG(Score!E9, Score!E$2:E$11, 1) -> 8 | F9: =_xlfn.RANK.AVG(Score!F9, Score!F$2:F$11, 1) -> 8 | G9: =_xlfn.RANK.AVG(Score!G9, Score!G$2:G$11, 1) -> 8 | H9: =_xlfn.RANK.AVG(Score!H9, Score!H$2:H$11, 1) -> 8.5 | I9: =_xlfn.RANK.AVG(Score!I9, Score!I$2:I$11, 1) -> 8 | ... P9: =_xlfn.RANK.AVG(Score!P9, Score!P$2:P$11, 1) -> 2 | Q9: =_xlfn.RANK.AVG(Score!P9, Score!P$2:P$11, 1) -> 2 | R9: =_xlfn.RANK.AVG(Score!R9, Score!R$2:R$11, 1) -> 8
A10: 2023 (8) | B10: =_xlfn.RANK.AVG(Score!B10, Score!B$2:B$11, 1) -> 9 | C10: =_xlfn.RANK.AVG(Score!C10, Score!C$2:C$11, 1) -> 3.5 | D10: =_xlfn.RANK.AVG(Score!D10, Score!D$2:D$11, 1) -> 9 | E10: =_xlfn.RANK.AVG(Score!E10, Score!E$2:E$11, 1) -> 9 | F10: =_xlfn.RANK.AVG(Score!F10, Score!F$2:F$11, 1) -> 9.5 | G10: =_xlfn.RANK.AVG(Score!G10, Score!G$2:G$11, 1) -> 9 | H10: =_xlfn.RANK.AVG(Score!H10, Score!H$2:H$11, 1) -> 7 | I10: =_xlfn.RANK.AVG(Score!I10, Score!I$2:I$11, 1) -> 10 | ... P10: =_xlfn.RANK.AVG(Score!P10, Score!P$2:P$11, 1) -> 2 | Q10: =_xlfn.RANK.AVG(Score!P10, Score!P$2:P$11, 1) -> 2 | R10: =_xlfn.RANK.AVG(Score!R10, Score!R$2:R$11, 1) -> 9
A11: 2024 (9) | B11: =_xlfn.RANK.AVG(Score!B11, Score!B$2:B$11, 1) -> 10 | C11: =_xlfn.RANK.AVG(Score!C11, Score!C$2:C$11, 1) -> 5 | D11: =_xlfn.RANK.AVG(Score!D11, Score!D$2:D$11, 1) -> 10 | E11: =_xlfn.RANK.AVG(Score!E11, Score!E$2:E$11, 1) -> 10 | F11: =_xlfn.RANK.AVG(Score!F11, Score!F$2:F$11, 1) -> 9.5 | G11: =_xlfn.RANK.AVG(Score!G11, Score!G$2:G$11, 1) -> 10 | H11: =_xlfn.RANK.AVG(Score!H11, Score!H$2:H$11, 1) -> 10 | I11: =_xlfn.RANK.AVG(Score!I11, Score!I$2:I$11, 1) -> 9 | ... P11: =_xlfn.RANK.AVG(Score!P11, Score!P$2:P$11, 1) -> 2 | Q11: =_xlfn.RANK.AVG(Score!P11, Score!P$2:P$11, 1) -> 2 | R11: =_xlfn.RANK.AVG(Score!R11, Score!R$2:R$11, 1) -> 10

Sheet Spearman
A1: SDG (From\To) | B1: 0 | C1: 1 | D1: 2 | E1: 3 | F1: 4 | G1: 5 | H1: 6 | I1: 7 | J1: 8 | K1: 9 | L1: 10 | M1: 11 | N1: 12 | O1: 13 | P1: 14 | Q1: 15 | R1: 16
A2: 0 | B2: 0 | C2: =CORREL(OFFSET(Rank!$B$2:$B$11, 0, $A2), OFFSET(Rank!$B$2:$B$11, 0, C$1)) -> -0.57926829 | D2: =CORREL(OFFSET(Rank!$B$2:$B$11, 0, $A2), OFFSET(Rank!$B$2:$B$11, 0, D$1)) -> 1 | E2: =CORREL(OFFSET(Rank!$B$2:$B$11, 0, $A2), OFFSET(Rank!$B$2:$B$11, 0, E$1)) -> 0.96049076 | F2: =CORREL(OFFSET(Rank!$B$2:$B$11, 0, $A2), OFFSET(Rank!$B$2:$B$11, 0, F$1)) -> 0.9541329 | G2: =CORREL(OFFSET(Rank!$B$2:$B$11, 0, $A2), OFFSET(Rank!$B$2:$B$11, 0, G$1)) -> 0.96049076 | H2: =CORREL(OFFSET(Rank!$B$2:$B$11, 0, $A2), OFFSET(Rank!$B$2:$B$11, 0, H$1)) -> 0.8902439 | I2: =CORREL(OFFSET(Rank!$B$2:$B$11, 0, $A2), OFFSET(Rank!$B$2:$B$11, 0, I$1)) -> 0.54878049 | J2: =CORREL(OFFSET(Rank!$B$2:$B$11, 0, $A2), OFFSET(Rank!$B$2:$B$11, 0, J$1)) -> 0.94833265 | ... R2: =CORREL(OFFSET(Rank!$B$2:$B$11, 0, $A2), OFFSET(Rank!$B$2:$B$11, 0, R$1)) -> 0.96049076
A3: 1 | B3: =CORREL(OFFSET(Rank!$B$2:$B$11, 0, $A3), OFFSET(Rank!$B$2:$B$11, 0, B$1)) -> -0.57926829 | C3: 0 | D3: =CORREL(OFFSET(Rank!$B$2:$B$11, 0, $A3), OFFSET(Rank!$B$2:$B$11, 0, D$1)) -> -0.57926829 | E3: =CORREL(OFFSET(Rank!$B$2:$B$11, 0, $A3), OFFSET(Rank!$B$2:$B$11, 0, E$1)) -> -0.62006365 | F3: =CORREL(OFFSET(Rank!$B$2:$B$11, 0, $A3), OFFSET(Rank!$B$2:$B$11, 0, F$1)) -> -0.61773989 | G3: =CORREL(OFFSET(Rank!$B$2:$B$11, 0, $A3), OFFSET(Rank!$B$2:$B$11, 0, G$1)) -> -0.62006365 | H3: =CORREL(OFFSET(Rank!$B$2:$B$11, 0, $A3), OFFSET(Rank!$B$2:$B$11, 0, H$1)) -> -0.60060976 | I3: =CORREL(OFFSET(Rank!$B$2:$B$11, 0, $A3), OFFSET(Rank!$B$2:$B$11, 0, I$1)) -> -0.25 | J3: =CORREL(OFFSET(Rank!$B$2:$B$11, 0, $A3), OFFSET(Rank!$B$2:$B$11, 0, J$1)) -> -0.58966838 | K3: =CORREL(OFFSET(Rank!$B$2:$B$11, 0, $A3), OFFSET(Rank!$B$2:$B$11, 0, K$1)) -> 0.097264887 | ... R3: =CORREL(OFFSET(Rank!$B$2:$B$11, 0, $A3), OFFSET(Rank!$B$2:$B$11, 0, R$1)) -> -0.62006365
A4: 2 | B4: =CORREL(OFFSET(Rank!$B$2:$B$11, 0, $A4), OFFSET(Rank!$B$2:$B$11, 0, B$1)) -> 1 | C4: =CORREL(OFFSET(Rank!$B$2:$B$11, 0, $A4), OFFSET(Rank!$B$2:$B$11, 0, C$1)) -> -0.57926829 | D4: 0 | E4: =CORREL(OFFSET(Rank!$B$2:$B$11, 0, $A4), OFFSET(Rank!$B$2:$B$11, 0, E$1)) -> 0.96049076 | F4: =CORREL(OFFSET(Rank!$B$2:$B$11, 0, $A4), OFFSET(Rank!$B$2:$B$11, 0, F$1)) -> 0.9541329 | G4: =CORREL(OFFSET(Rank!$B$2:$B$11, 0, $A4), OFFSET(Rank!$B$2:$B$11, 0, G$1)) -> 0.96049076 | H4: =CORREL(OFFSET(Rank!$B$2:$B$11, 0, $A4), OFFSET(Rank!$B$2:$B$11, 0, H$1)) -> 0.8902439 | I4: =CORREL(OFFSET(Rank!$B$2:$B$11, 0, $A4), OFFSET(Rank!$B$2:$B$11, 0, I$1)) -> 0.54878049 | J4: =CORREL(OFFSET(Rank!$B$2:$B$11, 0, $A4), OFFSET(Rank!$B$2:$B$11, 0, J$1)) -> 0.94833265 | K4: =CORREL(OFFSET(Rank!$B$2:$B$11, 0, $A4), OFFSET(Rank!$B$2:$B$11, 0, K$1)) -> -0.36474333 | L4: =CORREL(OFFSET(Rank!$B$2:$B$11, 0, $A4), OFFSET(Rank!$B$2:$B$11, 0, L$1)) -> -0.47865854 | ... R4: =CORREL(OFFSET(Rank!$B$2:$B$11, 0, $A4), OFFSET(Rank!$B$2:$B$11, 0, R$1)) -> 0.96049076
A5: 3 | B5: =CORREL(OFFSET(Rank!$B$2:$B$11, 0, $A5), OFFSET(Rank!$B$2:$B$11, 0, B$1)) -> 0.96049076 | C5: =CORREL(OFFSET(Rank!$B$2:$B$11, 0, $A5), OFFSET(Rank!$B$2:$B$11, 0, C$1)) -> -0.62006365 | D5: =CORREL(OFFSET(Rank!$B$2:$B$11, 0, $A5), OFFSET(Rank!$B$2:$B$11, 0, D$1)) -> 0.96049076 | E5: 0 | F5: =CORREL(OFFSET(Rank!$B$2:$B$11, 0, $A5), OFFSET(Rank!$B$2:$B$11, 0, F$1)) -> 0.99392092 | G5: =CORREL(OFFSET(Rank!$B$2:$B$11, 0, $A5), OFFSET(Rank!$B$2:$B$11, 0, G$1)) -> 1 | H5: =CORREL(OFFSET(Rank!$B$2:$B$11, 0, $A5), OFFSET(Rank!$B$2:$B$11, 0, H$1)) -> 0.93009548 | I5: =CORREL(OFFSET(Rank!$B$2:$B$11, 0, $A5), OFFSET(Rank!$B$2:$B$11, 0, I$1)) -> 0.66261704 | J5: =CORREL(OFFSET(Rank!$B$2:$B$11, 0, $A5), OFFSET(Rank!$B$2:$B$11, 0, J$1)) -> 0.98787879 | K5: =CORREL(OFFSET(Rank!$B$2:$B$11, 0, $A5), OFFSET(Rank!$B$2:$B$11, 0, K$1)) -> -0.28484848 | L5: =CORREL(OFFSET(Rank!$B$2:$B$11, 0, $A5), OFFSET(Rank!$B$2:$B$11, 0, L$1)) -> -0.42553388 | M5: =CORREL(OFFSET(Rank!$B$2:$B$11, 0, $A5), OFFSET(Rank!$B$2:$B$11, 0, M$1)) -> -0.74391627 | ... R5: =CORREL(OFFSET(Rank!$B$2:$B$11, 0, $A5), OFFSET(Rank!$B$2:$B$11, 0, R$1)) -> 1
A6: 4 | B6: =CORREL(OFFSET(Rank!$B$2:$B$11, 0, $A6), OFFSET(Rank!$B$2:$B$11, 0, B$1)) -> 0.9541329 | C6: =CORREL(OFFSET(Rank!$B$2:$B$11, 0, $A6), OFFSET(Rank!$B$2:$B$11, 0, C$1)) -> -0.61773989 | D6: =CORREL(OFFSET(Rank!$B$2:$B$11, 0, $A6), OFFSET(Rank!$B$2:$B$11, 0, D$1)) -> 0.9541329 | E6: =CORREL(OFFSET(Rank!$B$2:$B$11, 0, $A6), OFFSET(Rank!$B$2:$B$11, 0, E$1)) -> 0.99392092 | F6: 0 | G6: =CORREL(OFFSET(Rank!$B$2:$B$11, 0, $A6), OFFSET(Rank!$B$2:$B$11, 0, G$1)) -> 0.99392092 | H6: =CORREL(OFFSET(Rank!$B$2:$B$11, 0, $A6), OFFSET(Rank!$B$2:$B$11, 0, H$1)) -> 0.93272607 | I6: =CORREL(OFFSET(Rank!$B$2:$B$11, 0, $A6), OFFSET(Rank!$B$2:$B$11, 0, I$1)) -> 0.65137919 | J6: =CORREL(OFFSET(Rank!$B$2:$B$11, 0, $A6), OFFSET(Rank!$B$2:$B$11, 0, J$1)) -> 0.99392092 | K6: =CORREL(OFFSET(Rank!$B$2:$B$11, 0, $A6), OFFSET(Rank!$B$2:$B$11, 0, K$1)) -> -0.25610232 | L6: =CORREL(OFFSET(Rank!$B$2:$B$11, 0, $A6), OFFSET(Rank!$B$2:$B$11, 0, L$1)) -> -0.39449726 | M6: =CORREL(OFFSET(Rank!$B$2:$B$11, 0, $A6), OFFSET(Rank!$B$2:$B$11, 0, M$1)) -> -0.75766871 | N6: =CORREL(OFFSET(Rank!$B$2:$B$11, 0, $A6), OFFSET(Rank!$B$2:$B$11, 0, N$1)) -> -0.64635348 | ... R6: =CORREL(OFFSET(Rank!$B$2:$B$11, 0, $A6), OFFSET(Rank!$B$2:$B$11, 0, R$1)) -> 0.99392092
A7: 5 | B7: =CORREL(OFFSET(Rank!$B$2:$B$11, 0, $A7), OFFSET(Rank!$B$2:$B$11, 0, B$1)) -> 0.96049076 | C7: =CORREL(OFFSET(Rank!$B$2:$B$11, 0, $A7), OFFSET(Rank!$B$2:$B$11, 0, C$1)) -> -0.62006365 | D7: =CORREL(OFFSET(Rank!$B$2:$B$11, 0, $A7), OFFSET(Rank!$B$2:$B$11, 0, D$1)) -> 0.96049076 | E7: =CORREL(OFFSET(Rank!$B$2:$B$11, 0, $A7), OFFSET(Rank!$B$2:$B$11, 0, E$1)) -> 1 | F7: =CORREL(OFFSET(Rank!$B$2:$B$11, 0, $A7), OFFSET(Rank!$B$2:$B$11, 0, F$1)) -> 0.99392092 | G7: 0 | H7: =CORREL(OFFSET(Rank!$B$2:$B$11, 0, $A7), OFFSET(Rank!$B$2:$B$11, 0, H$1)) -> 0.93009548 | I7: =CORREL(OFFSET(Rank!$B$2:$B$11, 0, $A7), OFFSET(Rank!$B$2:$B$11, 0, I$1)) -> 0.66261704 | J7: =CORREL(OFFSET(Rank!$B$2:$B$11, 0, $A7), OFFSET(Rank!$B$2:$B$11, 0, J$1)) -> 0.98787879 | K7: =CORREL(OFFSET(Rank!$B$2:$B$11, 0, $A7), OFFSET(Rank!$B$2:$B$11, 0, K$1)) -> -0.28484848 | L7: =CORREL(OFFSET(Rank!$B$2:$B$11, 0, $A7), OFFSET(Rank!$B$2:$B$11, 0, L$1)) -> -0.42553388 | M7: =CORREL(OFFSET(Rank!$B$2:$B$11, 0, $A7), OFFSET(Rank!$B$2:$B$11, 0, M$1)) -> -0.74391627 | N7: =CORREL(OFFSET(Rank!$B$2:$B$11, 0, $A7), OFFSET(Rank!$B$2:$B$11, 0, N$1)) -> -0.67272727 | O7: =CORREL(OFFSET(Rank!$B$2:$B$11, 0, $A7), OFFSET(Rank!$B$2:$B$11, 0, O$1)) -> -0.92727273 | ... R7: =CORREL(OFFSET(Rank!$B$2:$B$11, 0, $A7), OFFSET(Rank!$B$2:$B$11, 0, R$1)) -> 1
A8: 6 | B8: =CORREL(OFFSET(Rank!$B$2:$B$11, 0, $A8), OFFSET(Rank!$B$2:$B$11, 0, B$1)) -> 0.8902439 | C8: =CORREL(OFFSET(Rank!$B$2:$B$11, 0, $A8), OFFSET(Rank!$B$2:$B$11, 0, C$1)) -> -0.60060976 | D8: =CORREL(OFFSET(Rank!$B$2:$B$11, 0, $A8), OFFSET(Rank!$B$2:$B$11, 0, D$1)) -> 0.8902439 | E8: =CORREL(OFFSET(Rank!$B$2:$B$11, 0, $A8), OFFSET(Rank!$B$2:$B$11, 0, E$1)) -> 0.93009548 | F8: =CORREL(OFFSET(Rank!$B$2:$B$11, 0, $A8), OFFSET(Rank!$B$2:$B$11, 0, F$1)) -> 0.93272607 | G8: =CORREL(OFFSET(Rank!$B$2:$B$11, 0, $A8), OFFSET(Rank!$B$2:$B$11, 0, G$1)) -> 0.93009548 | H8: 0 | I8: =CORREL(OFFSET(Rank!$B$2:$B$11, 0, $A8), OFFSET(Rank!$B$2:$B$11, 0, I$1)) -> 0.44512195 | J8: =CORREL(OFFSET(Rank!$B$2:$B$11, 0, $A8), OFFSET(Rank!$B$2:$B$11, 0, J$1)) -> 0.96049076 | K8: =CORREL(OFFSET(Rank!$B$2:$B$11, 0, $A8), OFFSET(Rank!$B$2:$B$11, 0, K$1)) -> -0.11550205 | L8: =CORREL(OFFSET(Rank!$B$2:$B$11, 0, $A8), OFFSET(Rank!$B$2:$B$11, 0, L$1)) -> -0.22256098 | M8: =CORREL(OFFSET(Rank!$B$2:$B$11, 0, $A8), OFFSET(Rank!$B$2:$B$11, 0, M$1)) -> -0.75535521 | N8: =CORREL(OFFSET(Rank!$B$2:$B$11, 0, $A8), OFFSET(Rank!$B$2:$B$11, 0, N$1)) -> -0.46200821 | O8: =CORREL(OFFSET(Rank!$B$2:$B$11, 0, $A8), OFFSET(Rank!$B$2:$B$11, 0, O$1)) -> -0.97872793 | P8: =CORREL(OFFSET(Rank!$B$2:$B$11, 0, $A8), OFFSET(Rank!$B$2:$B$11, 0, P$1)) -> -0.87912789 | ... R8: =CORREL(OFFSET(Rank!$B$2:$B$11, 0, $A8), OFFSET(Rank!$B$2:$B$11, 0, R$1)) -> 0.93009548
A9: 7 | B9: =CORREL(OFFSET(Rank!$B$2:$B$11, 0, $A9), OFFSET(Rank!$B$2:$B$11, 0, B$1)) -> 0.54878049 | C9: =CORREL(OFFSET(Rank!$B$2:$B$11, 0, $A9), OFFSET(Rank!$B$2:$B$11, 0, C$1)) -> -0.25 | D9: =CORREL(OFFSET(Rank!$B$2:$B$11, 0, $A9), OFFSET(Rank!$B$2:$B$11, 0, D$1)) -> 0.54878049 | E9: =CORREL(OFFSET(Rank!$B$2:$B$11, 0, $A9), OFFSET(Rank!$B$2:$B$11, 0, E$1)) -> 0.66261704 | F9: =CORREL(OFFSET(Rank!$B$2:$B$11, 0, $A9), OFFSET(Rank!$B$2:$B$11, 0, F$1)) -> 0.65137919 | G9: =CORREL(OFFSET(Rank!$B$2:$B$11, 0, $A9), OFFSET(Rank!$B$2:$B$11, 0, G$1)) -> 0.66261704 | H9: =CORREL(OFFSET(Rank!$B$2:$B$11, 0, $A9), OFFSET(Rank!$B$2:$B$11, 0, H$1)) -> 0.44512195 | I9: 0 | J9: =CORREL(OFFSET(Rank!$B$2:$B$11, 0, $A9), OFFSET(Rank!$B$2:$B$11, 0, J$1)) -> 0.62006365 | K9: =CORREL(OFFSET(Rank!$B$2:$B$11, 0, $A9), OFFSET(Rank!$B$2:$B$11, 0, K$1)) -> -0.4498501 | L9: =CORREL(OFFSET(Rank!$B$2:$B$11, 0, $A9), OFFSET(Rank!$B$2:$B$11, 0, L$1)) -> -0.60365854 | M9: =CORREL(OFFSET(Rank!$B$2:$B$11, 0, $A9), OFFSET(Rank!$B$2:$B$11, 0, M$1)) -> -0.48624081 | N9: =CORREL(OFFSET(Rank!$B$2:$B$11, 0, $A9), OFFSET(Rank!$B$2:$B$11, 0, N$1)) -> -0.76596099 | O9: =CORREL(OFFSET(Rank!$B$2:$B$11, 0, $A9), OFFSET(Rank!$B$2:$B$11, 0, O$1)) -> -0.42553388 | P9: =CORREL(OFFSET(Rank!$B$2:$B$11, 0, $A9), OFFSET(Rank!$B$2:$B$11, 0, P$1)) -> -0.78896093 | Q9: =CORREL(OFFSET(Rank!$B$2:$B$11, 0, $A9), OFFSET(Rank!$B$2:$B$11, 0, Q$1)) -> -0.78896093 | R9: =CORREL(OFFSET(Rank!$B$2:$B$11, 0, $A9), OFFSET(Rank!$B$2:$B$11, 0, R$1)) -> 0.66261704
A10: 8 | B10: =CORREL(OFFSET(Rank!$B$2:$B$11, 0, $A10), OFFSET(Rank!$B$2:$B$11, 0, B$1)) -> 0.94833265 | C10: =CORREL(OFFSET(Rank!$B$2:$B$11, 0, $A10), OFFSET(Rank!$B$2:$B$11, 0, C$1)) -> -0.58966838 | D10: =CORREL(OFFSET(Rank!$B$2:$B$11, 0, $A10), OFFSET(Rank!$B$2:$B$11, 0, D$1)) -> 0.94833265 | E10: =CORREL(OFFSET(Rank!$B$2:$B$11, 0, $A10), OFFSET(Rank!$B$2:$B$11, 0, E$1)) -> 0.98787879 | F10: =CORREL(OFFSET(Rank!$B$2:$B$11, 0, $A10), OFFSET(Rank!$B$2:$B$11, 0, F$1)) -> 0.99392092 | G10: =CORREL(OFFSET(Rank!$B$2:$B$11, 0, $A10), OFFSET(Rank!$B$2:$B$11, 0, G$1)) -> 0.98787879 | H10: =CORREL(OFFSET(Rank!$B$2:$B$11, 0, $A10), OFFSET(Rank!$B$2:$B$11, 0, H$1)) -> 0.96049076 | I10: =CORREL(OFFSET(Rank!$B$2:$B$11, 0, $A10), OFFSET(Rank!$B$2:$B$11, 0, I$1)) -> 0.62006365 | J10: 0 | K10: =CORREL(OFFSET(Rank!$B$2:$B$11, 0, $A10), OFFSET(Rank!$B$2:$B$11, 0, K$1)) -> -0.24848485 | L10: =CORREL(OFFSET(Rank!$B$2:$B$11, 0, $A10), OFFSET(Rank!$B$2:$B$11, 0, L$1)) -> -0.37082238 | M10: =CORREL(OFFSET(Rank!$B$2:$B$11, 0, $A10), OFFSET(Rank!$B$2:$B$11, 0, M$1)) -> -0.78050231 | N10: =CORREL(OFFSET(Rank!$B$2:$B$11, 0, $A10), OFFSET(Rank!$B$2:$B$11, 0, N$1)) -> -0.6 | O10: =CORREL(OFFSET(Rank!$B$2:$B$11, 0, $A10), OFFSET(Rank!$B$2:$B$11, 0, O$1)) -> -0.96363636 | P10: =CORREL(OFFSET(Rank!$B$2:$B$11, 0, $A10), OFFSET(Rank!$B$2:$B$11, 0, P$1)) -> -0.94387981 | Q10: =CORREL(OFFSET(Rank!$B$2:$B$11, 0, $A10), OFFSET(Rank!$B$2:$B$11, 0, Q$1)) -> -0.94387981 | R10: =CORREL(OFFSET(Rank!$B$2:$B$11, 0, $A10), OFFSET(Rank!$B$2:$B$11, 0, R$1)) -> 0.98787879
A11: 9 | B11: =CORREL(OFFSET(Rank!$B$2:$B$11, 0, $A11), OFFSET(Rank!$B$2:$B$11, 0, B$1)) -> -0.36474333 | C11: =CORREL(OFFSET(Rank!$B$2:$B$11, 0, $A11), OFFSET(Rank!$B$2:$B$11, 0, C$1)) -> 0.097264887 | D11: =CORREL(OFFSET(Rank!$B$2:$B$11, 0, $A11), OFFSET(Rank!$B$2:$B$11, 0, D$1)) -> -0.36474333 | E11: =CORREL(OFFSET(Rank!$B$2:$B$11, 0, $A11), OFFSET(Rank!$B$2:$B$11, 0, E$1)) -> -0.28484848 | F11: =CORREL(OFFSET(Rank!$B$2:$B$11, 0, $A11), OFFSET(Rank!$B$2:$B$11, 0, F$1)) -> -0.25610232 | G11: =CORREL(OFFSET(Rank!$B$2:$B$11, 0, $A11), OFFSET(Rank!$B$2:$B$11, 0, G$1)) -> -0.28484848 | H11: =CORREL(OFFSET(Rank!$B$2:$B$11, 0, $A11), OFFSET(Rank!$B$2:$B$11, 0, H$1)) -> -0.11550205 | I11: =CORREL(OFFSET(Rank!$B$2:$B$11, 0, $A11), OFFSET(Rank!$B$2:$B$11, 0, I$1)) -> -0.4498501 | J11: =CORREL(OFFSET(Rank!$B$2:$B$11, 0, $A11), OFFSET(Rank!$B$2:$B$11, 0, J$1)) -> -0.24848485 | K11: 0 | L11: =CORREL(OFFSET(Rank!$B$2:$B$11, 0, $A11), OFFSET(Rank!$B$2:$B$11, 0, L$1)) -> 0.77204004 | M11: =CORREL(OFFSET(Rank!$B$2:$B$11, 0, $A11), OFFSET(Rank!$B$2:$B$11, 0, M$1)) -> -0.079269766 | N11: =CORREL(OFFSET(Rank!$B$2:$B$11, 0, $A11), OFFSET(Rank!$B$2:$B$11, 0, N$1)) -> 0.45454545 | O11: =CORREL(OFFSET(Rank!$B$2:$B$11, 0, $A11), OFFSET(Rank!$B$2:$B$11, 0, O$1)) -> 0.090909091 | P11: =CORREL(OFFSET(Rank!$B$2:$B$11, 0, $A11), OFFSET(Rank!$B$2:$B$11, 0, P$1)) -> 0.22473329 | Q11: =CORREL(OFFSET(Rank!$B$2:$B$11, 0, $A11), OFFSET(Rank!$B$2:$B$11, 0, Q$1)) -> 0.22473329 | R11: =CORREL(OFFSET(Rank!$B$2:$B$11, 0, $A11), OFFSET(Rank!$B$2:$B$11, 0, R$1)) -> -0.28484848
A12: 10 | B12: =CORREL(OFFSET(Rank!$B$2:$B$11, 0, $A12), OFFSET(Rank!$B$2:$B$11, 0, B$1)) -> -0.47865854 | C12: =CORREL(OFFSET(Rank!$B$2:$B$11, 0, $A12), OFFSET(Rank!$B$2:$B$11, 0, C$1)) -> 0.41158537 | D12: =CORREL(OFFSET(Rank!$B$2:$B$11, 0, $A12), OFFSET(Rank!$B$2:$B$11, 0, D$1)) -> -0.47865854 | E12: =CORREL(OFFSET(Rank!$B$2:$B$11, 0, $A12), OFFSET(Rank!$B$2:$B$11, 0, E$1)) -> -0.42553388 | F12: =CORREL(OFFSET(Rank!$B$2:$B$11, 0, $A12), OFFSET(Rank!$B$2:$B$11, 0, F$1)) -> -0.39449726 | G12: =CORREL(OFFSET(Rank!$B$2:$B$11, 0, $A12), OFFSET(Rank!$B$2:$B$11, 0, G$1)) -> -0.42553388 | H12: =CORREL(OFFSET(Rank!$B$2:$B$11, 0, $A12), OFFSET(Rank!$B$2:$B$11, 0, H$1)) -> -0.22256098 | I12: =CORREL(OFFSET(Rank!$B$2:$B$11, 0, $A12), OFFSET(Rank!$B$2:$B$11, 0, I$1)) -> -0.60365854 | ... K12: =CORREL(OFFSET(Rank!$B$2:$B$11, 0, $A12), OFFSET(Rank!$B$2:$B$11, 0, K$1)) -> 0.77204004 | L12: 0 | M12: =CORREL(OFFSET(Rank!$B$2:$B$11, 0, $A12), OFFSET(Rank!$B$2:$B$11, 0, M$1)) -> 0.1834871 | N12: =CORREL(OFFSET(Rank!$B$2:$B$11, 0, $A12), OFFSET(Rank!$B$2:$B$11, 0, N$1)) -> 0.68693326 | O12: =CORREL(OFFSET(Rank!$B$2:$B$11, 0, $A12), OFFSET(Rank!$B$2:$B$11, 0, O$1)) -> 0.21276694 | P12: =CORREL(OFFSET(Rank!$B$2:$B$11, 0, $A12), OFFSET(Rank!$B$2:$B$11, 0, P$1)) -> 0.40575134 | Q12: =CORREL(OFFSET(Rank!$B$2:$B$11, 0, $A12), OFFSET(Rank!$B$2:$B$11, 0, Q$1)) -> 0.40575134 | R12: =CORREL(OFFSET(Rank!$B$2:$B$11, 0, $A12), OFFSET(Rank!$B$2:$B$11, 0, R$1)) -> -0.42553388
A13: 11 | B13: =CORREL(OFFSET(Rank!$B$2:$B$11, 0, $A13), OFFSET(Rank!$B$2:$B$11, 0, B$1)) -> -0.62691425 | C13: =CORREL(OFFSET(Rank!$B$2:$B$11, 0, $A13), OFFSET(Rank!$B$2:$B$11, 0, C$1)) -> 0.37309043 | D13: =CORREL(OFFSET(Rank!$B$2:$B$11, 0, $A13), OFFSET(Rank!$B$2:$B$11, 0, D$1)) -> -0.62691425 | E13: =CORREL(OFFSET(Rank!$B$2:$B$11, 0, $A13), OFFSET(Rank!$B$2:$B$11, 0, E$1)) -> -0.74391627 | F13: =CORREL(OFFSET(Rank!$B$2:$B$11, 0, $A13), OFFSET(Rank!$B$2:$B$11, 0, F$1)) -> -0.75766871 | G13: =CORREL(OFFSET(Rank!$B$2:$B$11, 0, $A13), OFFSET(Rank!$B$2:$B$11, 0, G$1)) -> -0.74391627 | H13: =CORREL(OFFSET(Rank!$B$2:$B$11, 0, $A13), OFFSET(Rank!$B$2:$B$11, 0, H$1)) -> -0.75535521 | I13: =CORREL(OFFSET(Rank!$B$2:$B$11, 0, $A13), OFFSET(Rank!$B$2:$B$11, 0, I$1)) -> -0.48624081 | ... L13: =CORREL(OFFSET(Rank!$B$2:$B$11, 0, $A13), OFFSET(Rank!$B$2:$B$11, 0, L$1)) -> 0.1834871 | M13: 0 | N13: =CORREL(OFFSET(Rank!$B$2:$B$11, 0, $A13), OFFSET(Rank!$B$2:$B$11, 0, N$1)) -> 0.25000465 | O13: =CORREL(OFFSET(Rank!$B$2:$B$11, 0, $A13), OFFSET(Rank!$B$2:$B$11, 0, O$1)) -> 0.83538138 | P13: =CORREL(OFFSET(Rank!$B$2:$B$11, 0, $A13), OFFSET(Rank!$B$2:$B$11, 0, P$1)) -> 0.74615579 | Q13: =CORREL(OFFSET(Rank!$B$2:$B$11, 0, $A13), OFFSET(Rank!$B$2:$B$11, 0, Q$1)) -> 0.74615579 | R13: =CORREL(OFFSET(Rank!$B$2:$B$11, 0, $A13), OFFSET(Rank!$B$2:$B$11, 0, R$1)) -> -0.74391627
A14: 12 | B14: =CORREL(OFFSET(Rank!$B$2:$B$11, 0, $A14), OFFSET(Rank!$B$2:$B$11, 0, B$1)) -> -0.70517043 | C14: =CORREL(OFFSET(Rank!$B$2:$B$11, 0, $A14), OFFSET(Rank!$B$2:$B$11, 0, C$1)) -> 0.41945483 | D14: =CORREL(OFFSET(Rank!$B$2:$B$11, 0, $A14), OFFSET(Rank!$B$2:$B$11, 0, D$1)) -> -0.70517043 | E14: =CORREL(OFFSET(Rank!$B$2:$B$11, 0, $A14), OFFSET(Rank!$B$2:$B$11, 0, E$1)) -> -0.67272727 | F14: =CORREL(OFFSET(Rank!$B$2:$B$11, 0, $A14), OFFSET(Rank!$B$2:$B$11, 0, F$1)) -> -0.64635348 | G14: =CORREL(OFFSET(Rank!$B$2:$B$11, 0, $A14), OFFSET(Rank!$B$2:$B$11, 0, G$1)) -> -0.67272727 | H14: =CORREL(OFFSET(Rank!$B$2:$B$11, 0, $A14), OFFSET(Rank!$B$2:$B$11, 0, H$1)) -> -0.46200821 | I14: =CORREL(OFFSET(Rank!$B$2:$B$11, 0, $A14), OFFSET(Rank!$B$2:$B$11, 0, I$1)) -> -0.76596099 | ... M14: =CORREL(OFFSET(Rank!$B$2:$B$11, 0, $A14), OFFSET(Rank!$B$2:$B$11, 0, M$1)) -> 0.25000465 | N14: 0 | O14: =CORREL(OFFSET(Rank!$B$2:$B$11, 0, $A14), OFFSET(Rank!$B$2:$B$11, 0, O$1)) -> 0.39393939 | P14: =CORREL(OFFSET(Rank!$B$2:$B$11, 0, $A14), OFFSET(Rank!$B$2:$B$11, 0, P$1)) -> 0.71914652 | Q14: =CORREL(OFFSET(Rank!$B$2:$B$11, 0, $A14), OFFSET(Rank!$B$2:$B$11, 0, Q$1)) -> 0.71914652 | R14: =CORREL(OFFSET(Rank!$B$2:$B$11, 0, $A14), OFFSET(Rank!$B$2:$B$11, 0, R$1)) -> -0.67272727
A15: 13 | B15: =CORREL(OFFSET(Rank!$B$2:$B$11, 0, $A15), OFFSET(Rank!$B$2:$B$11, 0, B$1)) -> -0.88754209 | C15: =CORREL(OFFSET(Rank!$B$2:$B$11, 0, $A15), OFFSET(Rank!$B$2:$B$11, 0, C$1)) -> 0.57143121 | D15: =CORREL(OFFSET(Rank!$B$2:$B$11, 0, $A15), OFFSET(Rank!$B$2:$B$11, 0, D$1)) -> -0.88754209 | E15: =CORREL(OFFSET(Rank!$B$2:$B$11, 0, $A15), OFFSET(Rank!$B$2:$B$11, 0, E$1)) -> -0.92727273 | F15: =CORREL(OFFSET(Rank!$B$2:$B$11, 0, $A15), OFFSET(Rank!$B$2:$B$11, 0, F$1)) -> -0.93904185 | G15: =CORREL(OFFSET(Rank!$B$2:$B$11, 0, $A15), OFFSET(Rank!$B$2:$B$11, 0, G$1)) -> -0.92727273 | H15: =CORREL(OFFSET(Rank!$B$2:$B$11, 0, $A15), OFFSET(Rank!$B$2:$B$11, 0, H$1)) -> -0.97872793 | I15: =CORREL(OFFSET(Rank!$B$2:$B$11, 0, $A15), OFFSET(Rank!$B$2:$B$11, 0, I$1)) -> -0.42553388 | ... N15: =CORREL(OFFSET(Rank!$B$2:$B$11, 0, $A15), OFFSET(Rank!$B$2:$B$11, 0, N$1)) -> 0.39393939 | O15: 0 | P15: =CORREL(OFFSET(Rank!$B$2:$B$11, 0, $A15), OFFSET(Rank!$B$2:$B$11, 0, P$1)) -> 0.85398649 | Q15: =CORREL(OFFSET(Rank!$B$2:$B$11, 0, $A15), OFFSET(Rank!$B$2:$B$11, 0, Q$1)) -> 0.85398649 | R15: =CORREL(OFFSET(Rank!$B$2:$B$11, 0, $A15), OFFSET(Rank!$B$2:$B$11, 0, R$1)) -> -0.92727273
A16: 14 | B16: =CORREL(OFFSET(Rank!$B$2:$B$11, 0, $A16), OFFSET(Rank!$B$2:$B$11, 0, B$1)) -> -0.85658615 | C16: =CORREL(OFFSET(Rank!$B$2:$B$11, 0, $A16), OFFSET(Rank!$B$2:$B$11, 0, C$1)) -> 0.56354352 | D16: =CORREL(OFFSET(Rank!$B$2:$B$11, 0, $A16), OFFSET(Rank!$B$2:$B$11, 0, D$1)) -> -0.85658615 | E16: =CORREL(OFFSET(Rank!$B$2:$B$11, 0, $A16), OFFSET(Rank!$B$2:$B$11, 0, E$1)) -> -0.94387981 | F16: =CORREL(OFFSET(Rank!$B$2:$B$11, 0, $A16), OFFSET(Rank!$B$2:$B$11, 0, F$1)) -> -0.94965283 | G16: =CORREL(OFFSET(Rank!$B$2:$B$11, 0, $A16), OFFSET(Rank!$B$2:$B$11, 0, G$1)) -> -0.94387981 | H16: =CORREL(OFFSET(Rank!$B$2:$B$11, 0, $A16), OFFSET(Rank!$B$2:$B$11, 0, H$1)) -> -0.87912789 | I16: =CORREL(OFFSET(Rank!$B$2:$B$11, 0, $A16), OFFSET(Rank!$B$2:$B$11, 0, I$1)) -> -0.78896093 | ... O16: =CORREL(OFFSET(Rank!$B$2:$B$11, 0, $A16), OFFSET(Rank!$B$2:$B$11, 0, O$1)) -> 0.85398649 | P16: 0 | Q16: =CORREL(OFFSET(Rank!$B$2:$B$11, 0, $A16), OFFSET(Rank!$B$2:$B$11, 0, Q$1)) -> 1 | R16: =CORREL(OFFSET(Rank!$B$2:$B$11, 0, $A16), OFFSET(Rank!$B$2:$B$11, 0, R$1)) -> -0.94387981
A17: 15 | B17: =CORREL(OFFSET(Rank!$B$2:$B$11, 0, $A17), OFFSET(Rank!$B$2:$B$11, 0, B$1)) -> -0.85658615 | C17: =CORREL(OFFSET(Rank!$B$2:$B$11, 0, $A17), OFFSET(Rank!$B$2:$B$11, 0, C$1)) -> 0.56354352 | D17: =CORREL(OFFSET(Rank!$B$2:$B$11, 0, $A17), OFFSET(Rank!$B$2:$B$11, 0, D$1)) -> -0.85658615 | E17: =CORREL(OFFSET(Rank!$B$2:$B$11, 0, $A17), OFFSET(Rank!$B$2:$B$11, 0, E$1)) -> -0.94387981 | F17: =CORREL(OFFSET(Rank!$B$2:$B$11, 0, $A17), OFFSET(Rank!$B$2:$B$11, 0, F$1)) -> -0.94965283 | G17: =CORREL(OFFSET(Rank!$B$2:$B$11, 0, $A17), OFFSET(Rank!$B$2:$B$11, 0, G$1)) -> -0.94387981 | H17: =CORREL(OFFSET(Rank!$B$2:$B$11, 0, $A17), OFFSET(Rank!$B$2:$B$11, 0, H$1)) -> -0.87912789 | I17: =CORREL(OFFSET(Rank!$B$2:$B$11, 0, $A17), OFFSET(Rank!$B$2:$B$11, 0, I$1)) -> -0.78896093 | ... P17: =CORREL(OFFSET(Rank!$B$2:$B$11, 0, $A17), OFFSET(Rank!$B$2:$B$11, 0, P$1)) -> 1 | Q17: 0 | R17: =CORREL(OFFSET(Rank!$B$2:$B$11, 0, $A17), OFFSET(Rank!$B$2:$B$11, 0, R$1)) -> -0.94387981
A18: 16 | B18: =CORREL(OFFSET(Rank!$B$2:$B$11, 0, $A18), OFFSET(Rank!$B$2:$B$11, 0, B$1)) -> 0.96049076 | C18: =CORREL(OFFSET(Rank!$B$2:$B$11, 0, $A18), OFFSET(Rank!$B$2:$B$11, 0, C$1)) -> -0.62006365 | D18: =CORREL(OFFSET(Rank!$B$2:$B$11, 0, $A18), OFFSET(Rank!$B$2:$B$11, 0, D$1)) -> 0.96049076 | E18: =CORREL(OFFSET(Rank!$B$2:$B$11, 0, $A18), OFFSET(Rank!$B$2:$B$11, 0, E$1)) -> 1 | F18: =CORREL(OFFSET(Rank!$B$2:$B$11, 0, $A18), OFFSET(Rank!$B$2:$B$11, 0, F$1)) -> 0.99392092 | G18: =CORREL(OFFSET(Rank!$B$2:$B$11, 0, $A18), OFFSET(Rank!$B$2:$B$11, 0, G$1)) -> 1 | H18: =CORREL(OFFSET(Rank!$B$2:$B$11, 0, $A18), OFFSET(Rank!$B$2:$B$11, 0, H$1)) -> 0.93009548 | I18: =CORREL(OFFSET(Rank!$B$2:$B$11, 0, $A18), OFFSET(Rank!$B$2:$B$11, 0, I$1)) -> 0.66261704 | ... Q18: =CORREL(OFFSET(Rank!$B$2:$B$11, 0, $A18), OFFSET(Rank!$B$2:$B$11, 0, Q$1)) -> -0.94387981 | R18: 0
